연번,관리번호,도로명 주소,위도,경도
1,선학-1,인천광역시 연수구 비류대로529번길 3,37.423238,126.6932665
2,선학-2,인천광역시 연수구 비류대로519번길 3-2,37.4232237,126.6922219
3,선학-3,인천광역시 연수구 비류대로519번길 3-8,37.423217,126.6918734
4,선학-4,인천광역시 연수구 비류대로519번길 3-32,37.4237629,126.6921303
5,선학-5,인천광역시 연수구 비류대로519번길 32,37.4243917,126.6921171
6,선학-6,인천광역시 연수구 비류대로529번길 51,37.4247821,126.6922194
7,선학-7,인천광역시 연수구 비류대로529번길 23,37.4244389,126.6933292
8,선학-8,인천광역시 연수구 비류대로529번길 22-23,37.4243043,126.6948283
9,선학-9,인천광역시 연수구 비류대로541번길 14-2,37.4239375,126.6948112
10,선학-10,인천광역시 연수구 비류대로541번길 14-14,37.4239882,126.6955141
11,선학-11,인천광역시 연수구 비류대로541번길 6,37.4234687,126.6948009
12,선학-12,인천광역시 연수구 학나래로45번길 27,37.4245155,126.6957769
13,선학-13,인천광역시 연수구 학나래로45번길 3,37.4253846,126.6962847
14,선학-14,인천광역시 연수구 학나래로 40,37.4254182,126.6966457
15,선학-15,인천광역시 연수구 학나래로 34,37.4251001,126.6965554
16,선학-16,인천광역시 연수구 학나래로 23,37.4244269,126.6966439
17,선학-17,인천광역시 연수구 학나래로14번길 8,37.4240627,126.6969592
18,선학-18,인천광역시 연수구 학나래로46번길 20,37.4253414,126.6974805
19,선학-19,인천광역시 연수구 학나래로22번길 23,37.4252555,126.6970566
20,선학-20,인천광역시 연수구 학나래로22번길 15,37.4249545,126.6970197
21,선학-21,인천광역시 연수구 학나래로 79,37.4267965,126.6969738
22,선학-22,인천광역시 연수구 학나래로117번길 3,37.4282403,126.6980483
23,선학-23,인천광역시 연수구 경원대로483번길 15-7,37.4271044,126.6975771
24,선학-24,인천광역시 연수구 경원대로467번길 26-11,37.4262558,126.6975032
25,선학-25,인천광역시 연수구 경원대로467번길 26-1,37.4262641,126.6971721
26,선학-26,인천광역시 연수구 학나래로117번길 14,37.4289694,126.6977824
27,선학-27,인천광역시 연수구 넘말로 31,37.4292941,126.697334
28,선학-28,인천광역시 연수구 넘말로 48,37.4299465,126.696802
29,선학-29,인천광역시 연수구 넘말로 69,37.4310112,126.6969016
30,선학-30,인천광역시 연수구 넘말로79번길 55-1,37.4293897,126.6947877
31,선학-31,인천광역시 연수구 넘말로79번길 55-11,37.4290731,126.6953278
32,선학-32,인천광역시 연수구 넘말로47번길 31,37.4288303,126.6956881
33,선학-33,인천광역시 연수구 넘말로47번길 20,37.4293105,126.6962782
34,선학-34,인천광역시 연수구 넘말로55번길 19,37.4297376,126.6959813
35,선학-35,인천광역시 연수구 넘말로55번길 4,37.4302486,126.6965603
36,선학-36,인천광역시 연수구 넘말로29번길 36,37.4282736,126.6957292
37,선학-37,인천광역시 연수구 넘말로29번길 20,37.4286959,126.696645
38,선학-38,인천광역시 연수구 학나래로117번길 19,37.4289794,126.6971858
39,선학-39,인천광역시 연수구 학나래로117번길 14,37.4287476,126.6975606
40,선학-40,인천광역시 연수구 경원대로483번길 30,37.4278905,126.697127
41,선학-41,인천광역시 연수구 경원대로483번길 40,37.428129,126.6967554
42,선학-42,인천광역시 연수구 경원대로588번길 13,37.4362678,126.6973429
43,선학-43,인천광역시 연수구 예술로22번길 20,37.4360136,126.6993347
44,선학-44,인천광역시 연수구 예술로22번길 42-1,37.4360244,126.7008124
45,선학-45,인천광역시 연수구 예술로22번길 54,37.4359365,126.7013092
46,선학-46,인천광역시 연수구 예술로22번길 68,37.4358539,126.7018836
47,선학-47,인천광역시 연수구 예술로20번길 75,37.4347721,126.7025559
48,선학-48,인천광역시 연수구 예술로20번길 26,37.4354835,126.7000791
49,선학-49,인천광역시 연수구 선학로68번길 8,37.4235748,126.701538
50,선학-50,인천광역시 연수구 선학로 54,37.4224407,126.7011771
51,연수1-1,인천광역시 연수구 비류대로331번길 5,37.4252857,126.6714364
52,연수1-2,인천광역시 연수구 비류대로347번길 5,37.4251626,126.6731648
53,연수1-3,인천광역시 연수구 함박로91번길 20,37.4239196,126.6873233
54,연수1-4,인천광역시 연수구 함박로91번길 4,37.4240701,126.6861518
55,연수1-5,인천광역시 연수구 함박로88번길 3,37.4245734,126.6860915
56,연수1-6,인천광역시 연수구 함박로 80,37.4252981,126.6860806
57,연수1-7,인천광역시 연수구 함박로67번길 4,37.4254832,126.6849982
58,연수1-8,인천광역시 연수구 함박로 58,37.4255042,126.6836991
59,연수1-9,인천광역시 연수구 함박안로62번길 88,37.4259421,126.6837783
60,연수1-10,인천광역시 연수구 함박안로62번길 96,37.4258978,126.6842596
61,연수1-11,인천광역시 연수구 함박안로156번길 15,37.4262968,126.6836464
62,연수1-12,인천광역시 연수구 함박안로134번길 15-1,37.4262878,126.6824891
63,연수1-13,인천광역시 연수구 함박안로62번길 54,37.4261012,126.6818239
64,연수1-14,인천광역시 연수구 비류대로 437,37.424204,126.6832524
65,연수1-15,인천광역시 연수구 비류대로 429,37.4242654,126.6822399
66,연수1-16,인천광역시 연수구 함박로4번길 24,37.4245669,126.6799347
67,연수1-17,인천광역시 연수구 함박로4번길 4,37.4246921,126.6787052
68,연수1-18,인천광역시 연수구 함박로3번길 3,37.4246121,126.6785553
69,연수1-19,인천광역시 연수구 함박안로 14,37.4251561,126.6767695
70,연수1-20,인천광역시 연수구 함박안로26번길 9,37.425693,126.6775492
71,연수1-21,인천광역시 연수구 함박안로 50,37.4261311,126.6781351
72,연수1-22,인천광역시 연수구 함박안로 68,37.426391,126.6788573
73,연수1-23,인천광역시 연수구 함박안로 72,37.4266137,126.6792243
74,연수1-24,인천광역시 연수구 함박로25번길 23,37.4270484,126.6800172
75,연수1-25,인천광역시 연수구 함박안로 136,37.4271454,126.6826203
76,연수1-26,인천광역시 연수구 함박안로 154,37.4271504,126.6838167
77,연수1-27,인천광역시 연수구 함박안로 200,37.4261552,126.6860465
78,연수1-28,인천광역시 연수구 함박로 79-9,37.4259611,126.6865675
79,연수1-29,인천광역시 연수구 함박안로 238,37.4249652,126.6876009
80,연수1-30,인천광역시 연수구 함박로92번길 24,37.4244693,126.684792
81,연수1-31,인천광역시 연수구 함박로67번길 18,37.4262534,126.6849673
82,연수1-32,인천광역시 연수구 먼우금로264번길 8-4,37.4200767,126.6802735
83,연수1-33,인천광역시 연수구 먼우금로264번길 18,37.4195374,126.6811944
84,연수1-34,인천광역시 연수구 새말로 107,37.4186026,126.6814081
85,연수1-35,인천광역시 연수구 새말로99번길 1,37.4184937,126.6804347
86,연수1-36,인천광역시 연수구 먼우금로252번길 1,37.4192859,126.6795205
87,연수1-37,인천광역시 연수구 새말로96번길 22,37.4179924,126.6794543
88,연수1-38,인천광역시 연수구 함박뫼로50번길 89,37.4190295,126.6776874
89,연수1-39,인천광역시 연수구 함박뫼로50번길 75,37.4193289,126.6770721
90,연수1-40,인천광역시 연수구 함박뫼로50번길 49,37.4199707,126.6757453
91,연수1-41,인천광역시 연수구 함박뫼로50번길 43,37.420228,126.6753233
92,연수1-42,인천광역시 연수구 새말로46번길 21,37.4205672,126.6747287
93,연수1-43,인천광역시 연수구 함박뫼로50번길 21-1,37.4207476,126.6744316
94,연수1-44,인천광역시 연수구 함박뫼로50번길 13,37.4209208,126.6741361
95,연수1-45,인천광역시 연수구 함박뫼로 52,37.421394,126.6734996
96,연수1-46,인천광역시 연수구 함박뫼로50번길 21-9,37.4211381,126.6749637
97,연수1-47,인천광역시 연수구 새말로56번길 3,37.4206821,126.6764571
98,연수1-48,인천광역시 연수구 새말로 68,37.4198332,126.6774952
99,연수1-49,인천광역시 연수구 새말로 70,37.4196425,126.67772
100,연수1-50,인천광역시 연수구 새말로 78,37.4192872,126.6784243
101,연수1-51,인천광역시 연수구 새말로 82,37.4190615,126.6788257
102,연수1-52,인천광역시 연수구 새말로69번길 25,37.4209843,126.6786292
103,연수1-53,인천광역시 연수구 새말로55번길 32,37.4211651,126.6780736
104,연수1-54,인천광역시 연수구 새말로55번길 26,37.4211964,126.6777603
105,연수1-55,인천광역시 연수구 함박뫼로84번길 32,37.4219369,126.6769938
106,연수1-56,인천광역시 연수구 함박뫼로84번길 16,37.4224627,126.6765008
107,연수1-57,인천광역시 연수구 새말로35번길 5,37.4223757,126.6754694
108,연수1-58,인천광역시 연수구 새말로45번길 17,37.4219144,126.6764756
109,연수1-59,인천광역시 연수구 새말로45번길 8-12,37.4211407,126.6766303
110,연수1-60,인천광역시 연수구 먼우금로251번길 13,37.4197372,126.678653
111,연수1-61,인천광역시 연수구 새말로69번길 16-15,37.4199484,126.6788337
112,연수1-62,인천광역시 연수구 새말로69번길 16-9,37.4202028,126.6784186
113,연수1-63,인천광역시 연수구 새말로69번길 9,37.4201417,126.6779567
114,연수1-64,인천광역시 연수구 함박로 16,37.4258372,126.6788412
115,연수1-65,인천광역시 연수구 함박로 12,37.425608,126.6788025
116,연수1-66,인천광역시 연수구 함박뫼로 127,37.4221319,126.6814281
117,연수2-1,인천광역시 연수구 용담로 147,37.4129809,126.6805726
118,연수2-2,인천광역시 연수구 용담로149번길 51,37.4147113,126.6824439
119,연수2-3,인천광역시 연수구 용담로125번길 54,37.4162572,126.6805422
120,연수2-4,인천광역시 연수구 벚꽃로 150,37.4155837,126.6817553
121,연수2-5,인천광역시 연수구 샘말로88번길 5,37.414594,126.6810565
122,연수2-6,인천광역시 연수구 샘말로88번길 5,37.4147365,126.6808163
123,연수2-7,인천광역시 연수구 샘말로 68-2,37.4141744,126.6802427
124,연수2-8,인천광역시 연수구 용담로 115,37.4147403,126.6779979
125,연수2-9,인천광역시 연수구 용담로117번길 41,37.416557,126.6787409
126,연수2-10,인천광역시 연수구 먼우금로222번길 37,37.4159007,126.6793008
127,연수2-11,인천광역시 연수구 용담로125번길 28,37.4154055,126.6796448
128,연수2-12,인천광역시 연수구 용담로125번길 12,37.4146926,126.678892
129,연수2-13,인천광역시 연수구 청능대로137번길 47,37.4127543,126.6803312
130,연수2-14,인천광역시 연수구 샘말로30번길 20,37.4121021,126.6796617
131,연수2-15,인천광역시 연수구 샘말로 37-4,37.413048,126.6788447
132,연수2-16,인천광역시 연수구 샘말로21번길 14-11,37.4133535,126.6782072
133,연수2-17,인천광역시 연수구 샘말로21번길 14-3,37.4130927,126.6779449
134,연수2-18,인천광역시 연수구 먼우금로 194,37.4144375,126.6771797
135,연수2-19,인천광역시 연수구 원인재로 158,37.4117446,126.6817011
136,청학-1,인천광역시 연수구 용담로63번길 26,37.41944,126.6752
137,청학-2,인천광역시 연수구 청명로 34,37.41835,126.6763
138,청학-3,인천광역시 연수구 청명로 15,37.4172,126.6751
139,청학-4,인천광역시 연수구 용담로 67-1,37.41812,126.6744
140,청학-5,인천광역시 연수구 청명로17번길 30,37.41878,126.6746
141,청학-6,인천광역시 연수구 용담로50번길 1,37.41923,126.6731
142,청학-7,인천광역시 연수구 함박뫼로12번길 24,37.41828,126.6726
143,청학-8,인천광역시 연수구 함박뫼로12번길 24,37.41828,126.6726
144,청학-9,인천광역시 연수구 함박뫼로12번길 1,37.41852,126.6715
145,청학-10,인천광역시 연수구 함박뫼로26번길 2,37.4197,126.6718
146,청학-11,인천광역시 연수구 함박뫼로 28,37.41993,126.6722
147,청학-12,인천광역시 연수구 청능대로53번길 32,37.41824,126.6742
148,청학-13,인천광역시 연수구 청명로 9,37.41674,126.6747
149,청학-14,인천광역시 연수구 청명로 5,37.41639,126.6742
150,청학-15,인천광역시 연수구 청능대로55번길 3,37.41679,126.673
151,청학-16,인천광역시 연수구 청능대로53번길 6,37.41701,126.6727
152,청학-17,인천광역시 연수구 함박뫼로4번길 22,37.41727,126.6722
153,청학-18,인천광역시 연수구 함박뫼로4번길 1,37.41758,126.671
154,청학-19,인천광역시 연수구 청능말로7번길 19,37.41737,126.6697
155,청학-20,인천광역시 연수구 청능말로22번길 6,37.41686,126.668
156,청학-21,인천광역시 연수구 청능말로22번길 24,37.41714,126.667
157,청학-22,인천광역시 연수구 청능말로8번길 21,37.41769,126.6671
158,청학-23,인천광역시 연수구 청능말로 13-4,37.41724,126.6683
159,청학-24,인천광역시 연수구 솔샘로73번길 17,37.42433,126.6649
160,청학-25,인천광역시 연수구 솔샘로 56,37.42461,126.6654
161,청학-26,인천광역시 연수구 솔샘로 66,37.42475,126.6651
162,청학-27,인천광역시 연수구 솔샘로 78,37.42497,126.6646
163,청학-28,인천광역시 연수구 솔샘로 85,37.42517,126.6641
164,청학-29,인천광역시 연수구 솔샘로 90,37.42536,126.6638
165,청학-30,인천광역시 연수구 솔샘로 95,37.42544,126.6633
166,청학-31,인천광역시 연수구 솔샘로 106,37.42563,126.6628
167,청학-32,인천광역시 연수구 솔샘로134번길 13,37.4259,126.6614
168,청학-33,인천광역시 연수구 솔샘로 143,37.42534,126.6607
169,청학-34,인천광역시 연수구 비류대로232번길 60,37.42428,126.6608
170,청학-35,인천광역시 연수구 비류대로256번길 22,37.42586,126.6632
171,청학-36,인천광역시 연수구 비류대로278번길 18-24,37.42609,126.6638
172,청학-37,인천광역시 연수구 비류대로278번길 28-10,37.42557,126.6642
173,청학-38,인천광역시 연수구 비류대로294번길 32-24,37.42515,126.6653
174,청학-39,인천광역시 연수구 비류대로294번길 32-14,37.42489,126.6658
175,청학-40,인천광역시 연수구 비류대로294번길 6-28,37.42573,126.6667
176,청학-41,인천광역시 연수구 비류대로278번길 16,37.42572,126.6652
177,청학-42,인천광역시 연수구 비류대로278번길 4,37.42621,126.6651
178,청학-43,인천광역시 연수구 비류대로278번길 8-11,37.42625,126.6647
179,청학-44,인천광역시 연수구 미추홀대로304번길 10,37.42585,126.6706
180,청학-45,인천광역시 연수구 청학로6번길 78,37.42673,126.6676
181,청학-46,인천광역시 연수구 비류대로303번길 10,37.42641,126.6686
182,청학-47,인천광역시 연수구 계림로112번길 31,37.42628,126.669
183,청학-48,인천광역시 연수구 계림로112번길 25,37.42664,126.6692
184,청학-49,인천광역시 연수구 비류대로303번길 39,37.4276,126.669
185,청학-50,인천광역시 연수구 비류대로303번길 28,37.42699,126.6687
186,청학-51,인천광역시 연수구 청학로16번길 82,37.42752,126.6683
187,청학-52,인천광역시 연수구 청학로16번길 98,37.4274,126.6688
188,청학-53,인천광역시 연수구 계림로 79-8,37.4286,126.6682
189,청학-54,인천광역시 연수구 계림로91번길 13,37.42841,126.6689
190,청학-55,인천광역시 연수구 계림로91번길 17,37.42877,126.669
191,청학-56,인천광역시 연수구 계림로57번길 59,37.42947,126.6695
192,청학-57,인천광역시 연수구 계림로57번길 28,37.42915,126.6677
193,청학-58,인천광역시 연수구 계림로35번길 28,37.42899,126.6669
194,청학-59,인천광역시 연수구 계림로35번길 41-13,37.42892,126.6684
195,청학-60,인천광역시 연수구 계림로 71-3,37.42829,126.6675
196,청학-61,인천광역시 연수구 계림로58번길 8,37.42817,126.6666
197,청학-62,인천광역시 연수구 청학로16번길 52,37.42795,126.6664
198,청학-63,인천광역시 연수구 청학로16번길 64,37.42791,126.6669
199,청학-64,인천광역시 연수구 계림로 34,37.42885,126.6655
200,청학-65,인천광역시 연수구 계림로 15-2,37.42897,126.6645
201,청학-66,인천광역시 연수구 청학로16번길 14,37.42858,126.6642
202,청학-67,인천광역시 연수구 청학로16번길 27,37.42847,126.6649
203,청학-68,인천광역시 연수구 청학로16번길 34,37.42832,126.6655
204,청학-69,인천광역시 연수구 청학로12번길 58,37.42745,126.6665
205,청학-70,인천광역시 연수구 청학로12번길 32,37.42793,126.6651
206,청학-71,인천광역시 연수구 청학로12번길 25,37.42787,126.6653
207,청학-72,인천광역시 연수구 청학로28번길 14,37.4296,126.6641
208,청학-73,인천광역시 연수구 청학로12번길 9,37.42805,126.6642
209,청학-74,인천광역시 연수구 청학로6번길 7,37.42765,126.6641
210,청학-75,인천광역시 연수구 청학로6번길 43,37.42716,126.6661
211,청학-76,인천광역시 연수구 청학로6번길 57,37.42708,126.6664
212,청학-77,인천광역시 연수구 청학로6번길 66,37.42691,126.6671
213,청학-78,인천광역시 연수구 계림로 4,37.42901,126.6635
214,청학-79,인천광역시 연수구 청학로 32,37.42984,126.6636
215,청학-80,인천광역시 연수구 청학로 29,37.43002,126.6635
216,청학-81,인천광역시 연수구 청학안로 1,37.43038,126.6636
217,청학-82,인천광역시 연수구 청학로27번길 10-1,37.42967,126.6628
218,청학-83,인천광역시 연수구 청학안로 12,37.43029,126.6628
219,청학-84,인천광역시 연수구 청학안로14번길 15,37.43088,126.6628
220,청학-85,인천광역시 연수구 청학안로24번길 10,37.43059,126.6622
221,청학-86,인천광역시 연수구 청학안로 26,37.43016,126.6622
222,청학-87,인천광역시 연수구 비류대로239번길 64,37.42959,126.6622
223,청학-88,인천광역시 연수구 비류대로239번길 42,37.4286,126.662
224,청학-89,인천광역시 연수구 청학로21번길 42,37.42913,126.661
225,청학-90,인천광역시 연수구 청솔로 51,37.42964,126.6608
226,청학-91,인천광역시 연수구 청솔로 62-3,37.43003,126.6608
227,청학-92,인천광역시 연수구 청솔로 111,37.43214,126.66
228,청학-93,인천광역시 연수구 청솔안로 6,37.43264,126.6601
229,청학-94,인천광역시 연수구 청솔안로 18,37.43262,126.6608
230,청학-95,인천광역시 연수구 청솔안로 39,37.43195,126.661
231,청학-96,인천광역시 연수구 청솔로78번길 6,37.43062,126.6609
232,청학-97,인천광역시 연수구 청학로21번길 2,37.4291,126.6635
233,청학-98,인천광역시 연수구 청학로 13,37.42837,126.6634
234,청학-99,인천광역시 연수구 청솔로 8,37.42746,126.6614
235,청학-100,인천광역시 연수구 비류대로294번길 26,37.42484,126.6664
236,옥련1동-1,인천광역시 연수구 옥련동 능허대로 123번길 1,37.422058,126.643687
237,옥련1동-2,인천광역시 연수구 옥련동 능허대로 123번길 25,37.422893,126.644147
238,옥련1동-3,인천광역시 연수구 능허대로 123번길 34,37.423344,126.64416
239,옥련1동-4,인천광역시 연수구 독배로 23번길 38,37.42314,126.647172
240,옥련1동-5,인천광역시 연수구 독배로 23번길 48-4,37.423059,126.647765
241,옥련1동-6,인천광역시 연수구 한진로 5,37.422936,126.647919
242,옥련1동-7,인천광역시 연수구 청량로 185번길 27-1,37.422828,126.651384
243,옥련1동-8,인천광역시 연수구 청량로 185번길 13,37.423125,126.651897
244,옥련1동-9,인천광역시 연수구 청량로 184번길 10,37.423607,126.653676
245,옥련1동-10,인천광역시 연수구 청량로 184번길 32,37.424398,126.653953
246,옥련1동-11,인천광역시 연수구 청량로 184번길 48,37.425121,126.654227
247,옥련1동-12,인천광역시 연수구 한나루로 177,37.425371,126.655946
248,옥련1동-13,인천광역시 연수구 한나루로 171번길 11,37.424895,126.655072
249,옥련1동-14,인천광역시 연수구 한나루로 165,37.42416,126.655171
250,옥련1동-15,인천광역시 연수구 한나루로 155,37.4237,126.654646
251,옥련1동-16,인천광역시 연수구 청량로 184번길 16,37.423885,126.6539
252,옥련1동-17,인천광역시 연수구 청량로 194번길 16,37.424495,126.653438
253,옥련1동-18,인천광역시 연수구 청량로 165번길 15-2,37.421769,126.651599
254,옥련1동-19,인천광역시 연수구 청량로 126번길 1,37.42257,126.651948
255,옥련1동-20,인천광역시 연수구 능허대로 179번길 11-1,37.419561,126.649487
256,옥련1동-21,인천광역시 연수구 능허대로 179번길 17,37.419729,126.649987
257,옥련1동-22,인천광역시 연수구 능허대로 179번길 17,37.419796,126.650174
258,옥련1동-23,인천광역시 연수구 인권로 9번길 47,37.420409,126.650074
259,옥련1동-24,인천광역시 연수구 인권로 9번길 59,37.421055,126.649829
260,옥련1동-25,인천광역시 연수구 인권로 9번길 74,37.421373,126.650314
261,옥련1동-26,인천광역시 연수구 청량로 155번길 14,37.420855,126.6517
262,옥련1동-27,인천광역시 연수구 능허대로 167번길 62,37.420365,126.651275
263,옥련1동-28,인천광역시 연수구 인권로 9번길 51-9,37.42047,126.649435
264,옥련1동-29,인천광역시 연수구 능허대로 167번길 22,37.420164,126.649022
265,옥련1동-30,인천광역시 연수구 능허대로 165번길 24,37.421092,126.647726
266,옥련1동-31,인천광역시 연수구 청량로 155번길 88,37.421457,126.648036
267,옥련1동-32,인천광역시 연수구 청량로 155번길 71,37.421288,126.648723
268,옥련1동-33,인천광역시 연수구 한나루로 86번길 42,37.422428,126.650248
269,옥련1동-34,인천광역시 연수구 한나루로 86번길 53,37.422113,126.649934
270,옥련1동-35,인천광역시 연수구 한나루로 86번길 20,37.4219,126.64847
271,옥련1동-36,인천광역시 연수구 능허대로 151번길 46,37.422104,126.647885
272,옥련1동-37,인천광역시 연수구 능허대로 149번길 11,37.421348,126.64622
273,옥련1동-38,인천광역시 연수구 한나루로 96,37.422456,126.64863
274,옥련1동-39,인천광역시 연수구 청룡로 30번길 35,37.423278,126.655196
275,옥련1동-40,인천광역시 연수구 청룡로 30번길 18,37.423582,126.656169
276,옥련1동-41,인천광역시 연수구 청룡로 30번길 1,37.423741,126.657209
277,옥련1동-42,인천광역시 연수구 청룡로 20,37.424122,126.656802
278,옥련1동-43,인천광역시 연수구 청룡로 3번길 17,37.425402,126.656332
279,옥련1동-44,인천광역시 연수구 한나루로 186번길 19,37.426126,126.657522
280,옥련1동-45,인천광역시 연수구 한나루로 186번길 32,37.425602,126.657861
281,옥련1동-46,인천광역시 연수구 청룡로 29번길 49,37.425551,126.658385
282,옥련1동-47,인천광역시 연수구 청룡로 29번길 61,37.425931,126.660053
283,옥련1동-48,인천광역시 연수구 청룡로 29번길 80,37.425872,126.65907
284,옥련1동-49,인천광역시 연수구 청량로 155번길 39-9,37.424899,126.658572
285,옥련1동-50,인천광역시 연수구 한나루로 180번길 33,37.424425,126.657962
286,옥련1동-51,인천광역시 연수구 한나루로 180번길 23,37.424845,126.657347
287,옥련1동-52,인천광역시 연수구 한나루로 180번길 20,37.424852,126.657006
288,옥련1동-53,인천광역시 연수구 한나루로 180번길 20-1,37.425124,126.656866
289,옥련1동-54,인천광역시 연수구 청룡로 42번길 5,37.423331,126.657221
290,옥련1동-55,인천광역시 연수구 청룡로 42번길 23,37.423228,126.656161
291,옥련1동-56,인천광역시 연수구 한나루로 158번길 19,37.422755,126.655206
292,옥련1동-58,인천광역시 연수구 청량로 164번길 45,37.422129,126.654649
293,옥련1동-59,인천광역시 연수구 청량로 164번길 13,37.421403,126.653338
294,옥련1동-60,인천광역시 연수구 청량로170,37.421889,126.652821
295,옥련1동-61,인천광역시 연수구 한나루로 166,37.424265,126.655413
296,옥련1동-62,인천광역시 연수구 청량로 109번길 12,37.417319,126.654648
297,옥련1동-63,인천광역시 연수구 청량로 113번길 27,37.417574,126.653471
298,옥련1동-64,인천광역시 연수구 대암로 22번길 5,37.417107,126.652673
299,옥련1동-65,인천광역시 연수구 대암로 21,37.418067,126.651768
300,옥련1동-66,인천광역시 연수구 비류대로 184,37.427938,126.655475
301,옥련1동-67,인천광역시 연수구 옥련1동 행정복지센터 맞은편,37.42742,126.65529
302,옥련1동-68,인천광역시 연수구 한나루로 197번길 48,37.427354,126.654583
303,옥련1동-69,인천광역시 연수구 한나루로 189번길 50,37.427045,126.653671
304,옥련1동-70,인천광역시 연수구 청량로 131,37.41904,126.65369
305,옥련1동-71,인천광역시 연수구 청량로 164번길 8,37.42143,126.65284
306,옥련1동-72,인천광역시 연수구 청량로 155번길 39-9,37.42101,126.6506
307,옥련2동-1,인천광역시 연수구 독배로 111,37.430793,126.646191
308,옥련2동-2,인천광역시 연수구 독배로 79-4,37.427759,126.645159
309,옥련2동-3,인천광역시 연수구 독배로 75,37.427307,126.644989
310,옥련2동-4,인천광역시 연수구 옥련로 41,37.427177,126.644126
311,옥련2동-5,인천광역시 연수구 옥련로 30 (인송중학교 담 근처),37.426806,126.643136
312,옥련2동-6,인천광역시 연수구 독배로 78,37.427641,126.645296
313,옥련2동-7,인천광역시 연수구 독배로 82번길 2,37.427758,126.645361
314,옥련2동-8,인천광역시 연수구 독배로 82,37.427842,126.645467
315,옥련2동-9,인천광역시 연수구 독배로 90번길 2,37.428368,126.645622
316,옥련2동-10,인천광역시 연수구 독배로 90번길 38,37.428165,126.64798
317,옥련2동-11,인천광역시 연수구 독배로 82번길 49-12,37.428138,126.648119
318,옥련2동-12,인천광역시 연수구 한진로 65-3,37.428357,126.648856
319,옥련2동-13,인천광역시 연수구 한진로 65-3,37.428336,126.648771
320,옥련2동-14,인천광역시 연수구 한진로 69,37.42877,126.64911
321,옥련2동-15,인천광역시 연수구 비류대로 144번길 15,37.428624,126.65074
322,옥련2동-16,인천광역시 연수구 비류대로 146,37.429183,126.651165
323,옥련2동-17,인천광역시 연수구 비류대로 154,37.428905,126.652104
324,옥련2동-18,인천광역시 연수구 청량로 239번길 2,37.427973,126.653524
325,옥련2동-19,인천광역시 연수구 청량로 241-14,37.428115,126.652744
326,옥련2동-20,인천광역시 연수구 청량로 241-14,37.428104,126.652621
327,옥련2동-21,인천광역시 연수구 옥련로 99번길 43,37.427076,126.652496
328,옥련2동-22,인천광역시 연수구 옥련로 99번길 29,37.426605,126.652231
329,옥련2동-23,인천광역시 연수구 옥련로 99번길 17,37.426469,126.651619
330,옥련2동-24,인천광역시 연수구 옥련로 107,37.426305,126.65128
331,옥련2동-25,인천광역시 연수구 옥련로 103,37.426203,126.650711
332,옥련2동-26,인천광역시 연수구 비류대로 156번길 48,37.426989,126.651441
333,옥련2동-27,인천광역시 연수구 비류대로 156번길 24,37.427825,126.651801
334,옥련2동-28,인천광역시 연수구 한진로 72번길 40,37.428207,126.651519
335,옥련2동-29,인천광역시 연수구 비류대로 144번길 24-11,37.428188,126.64984
336,옥련2동-30,인천광역시 연수구 비류대로 144번길 30,37.427741,126.650159
337,옥련2동-31,인천광역시 연수구 독배로 90번길 67,37.427936,126.649289
338,옥련2동-32,인천광역시 연수구 한진로 61,37.428051,126.648684
339,옥련2동-33,인천광역시 연수구 독배로 82번길 33-16,37.42773,126.64815
340,옥련2동-34,인천광역시 연수구 독배로 82번길 65,37.42725,126.649165
341,옥련2동-35,인천광역시 연수구 한진로 58,37.427449,126.648555
342,옥련2동-36,인천광역시 연수구 독배로 82번길 33-1,37.42756,126.64751
343,옥련2동-37,인천광역시 연수구 독배로 90번길 42-5,37.427832,126.647719
344,옥련2동-38,인천광역시 연수구 독배로 82번길 27-10,37.428057,126.647058
345,옥련2동-39,인천광역시 연수구 독배로 82번길 27-3,37.427647,126.646897
346,옥련2동-40,인천광역시 연수구 독배로 82번길 19,37.427682,126.646555
347,동춘동-1,인천광역시 연수구 청능대로 78번길 23,37.414393,126.673074
348,동춘동-2,인천광역시 연수구 동곡재로 43,37.4143,126.671832
349,동춘동-3,인천광역시 연수구 동곡재로 156,37.413395,126.666034
350,동춘동-4,인천광역시 연수구 동곡재로 182,37.413062,126.664618
351,동춘동-5,인천광역시 연수구 봉재산로 68,37.406184,126.665545
352,동춘동-6,인천광역시 연수구 봉재산로 88,37.404547,126.667579
353,동춘동-7,인천광역시 연수구 봉재산로 114번길 23,37.403632,126.66705
354,동춘동-8,인천광역시 연수구 능허대로 446번길 16,37.399966,126.665236
355,동춘동-9,인천광역시 연수구 봉재산로 44번길 18,37.408054,126.66526
356,동춘동-10,인천광역시 연수구 봉재산로 36번길 37,37.408474,126.664636
357,동춘동-11,인천광역시 연수구 봉재산로 36번길 11,37.408492,126.66563
358,동춘동-12,인천광역시 연수구 앵고개로 87번길 12-22,37.413482,126.656306
359,동춘동-13,인천광역시 연수구 솔밭로 72,37.415814,126.656474
360,동춘동-14,인천광역시 연수구 청량로 92,37.416549,126.656496
361,동춘동-15,인천광역시 연수구 솔밭로 69번길 19,37.416674,126.65582
362,동춘동-16,인천광역시 연수구 청량로 97번길 25,37.416037,126.655128
363,동춘동-17,인천광역시 연수구 송도힐즈로에서 송도힐즈로 8길의 분기점,37.400665,126.659768
364,동춘동-18,인천광역시 연수구 송도힐즈로 8길3,37.400868,126.659598
365,동춘동-19,인천광역시 연수구 송도힐즈로에서 송도힐즈로 7길의 분기점,37.401352,126.659326
366,동춘동-20,인천광역시 연수구 송도힐즈로에서 송도힐즈로 6길의 분기점,37.401542,126.659376
367,동춘동-21,인천광역시 연수구 송도힐즈로에서 송도힐즈로 5길의 분기점,37.402079,126.658869
368,동춘동-22,인천광역시 연수구 송도힐즈로에서 송도힐즈로 4길의 분기점,37.402364,126.658834
